{"accuracy": [0.43086251616477966, 0.6023250222206116, 0.6024625301361084, 0.6014750003814697, 0.6001875400543213, 0.6012000441551208, 0.602737545967102, 0.6018750071525574, 0.6010000109672546, 0.6038750410079956], "loss": [0.10000243037939072, 0.10000243037939072, 0.10000243037939072, 0.10000243037939072, 0.10000243037939072, 0.10000243037939072, 0.10000243037939072, 0.10000243037939072, 0.10000243037939072, 0.10000243037939072], "val_accuracy": [0.5371500253677368, 0.6003999710083008, 0.5997499823570251, 0.6003999710083008, 0.6007000207901001, 0.6000499725341797, 0.6032999753952026, 0.6001499891281128, 0.6039000153541565, 0.600849986076355], "val_loss": [1.253488540649414, 0.8149978518486023, 0.6619054079055786, 0.6096637845039368, 0.5987051725387573, 0.5888120532035828, 0.5718046426773071, 0.5722124576568604, 0.5690598487854004, 0.5828474760055542]}