{"accuracy": [0.10000000149011612, 0.10000000149011612, 0.10000000149011612, 0.11713750660419464, 0.18736250698566437, 0.21703751385211945, 0.27223750948905945, 0.28450000286102295, 0.24703751504421234, 0.280287504196167], "loss": [0.10000243037939072, 0.10000243037939072, 0.10000243037939072, 0.10000243037939072, 0.10000243037939072, 0.10000243037939072, 0.10000243037939072, 0.10000243037939072, 0.10000243037939072, 0.10000243037939072], "val_accuracy": [0.10000000149011612, 0.10000000149011612, 0.10000000149011612, 0.1851000040769577, 0.2248000055551529, 0.28220000863075256, 0.2665500044822693, 0.26524999737739563, 0.2590999901294708, 0.24674999713897705], "val_loss": [2.308938503265381, 2.301870822906494, 2.2957892417907715, 2.2899742126464844, 2.2841198444366455, 2.2781589031219482, 2.272066116333008, 2.265911817550659, 2.2595396041870117, 2.2528562545776367]}