{"accuracy": [0.4458625316619873, 0.6009250283241272, 0.6017125248908997, 0.6025625467300415, 0.6004625558853149, 0.6052125096321106, 0.6038375496864319, 0.5992750525474548, 0.6059750318527222, 0.6023250222206116], "loss": [0.10000243037939072, 0.10000243037939072, 0.10000243037939072, 0.10000243037939072, 0.10000243037939072, 0.10000243037939072, 0.10000243037939072, 0.10000243037939072, 0.10000243037939072, 0.10000243037939072], "val_accuracy": [0.6032500267028809, 0.6000000238418579, 0.6025500297546387, 0.6029499769210815, 0.6028000116348267, 0.6025000214576721, 0.6009500026702881, 0.6037999987602234, 0.6012499928474426, 0.6010000109672546], "val_loss": [1.1343677043914795, 0.7463963627815247, 0.6357683539390564, 0.5947730541229248, 0.5783782005310059, 0.5730679631233215, 0.5701856017112732, 0.564708411693573, 0.5653706192970276, 0.5645002722740173]}