{"accuracy": [0.10656250268220901, 0.10717500001192093, 0.10903750360012054, 0.10700000077486038, 0.10987500101327896, 0.10849999636411667, 0.11013749986886978, 0.11084999889135361, 0.1125124990940094, 0.12036249786615372], "loss": [0.10000242292881012, 0.10000242292881012, 0.10000242292881012, 0.10000242292881012, 0.10000242292881012, 0.10000242292881012, 0.10000242292881012, 0.10000242292881012, 0.10000242292881012, 0.10000242292881012], "val_accuracy": [0.11105000227689743, 0.11150000244379044, 0.11084999889135361, 0.11159999668598175, 0.10899999737739563, 0.11354999989271164, 0.11344999819993973, 0.11424999684095383, 0.11264999955892563, 0.11819999665021896], "val_loss": [2.3024494647979736, 2.3020308017730713, 2.301616907119751, 2.3012073040008545, 2.3007984161376953, 2.3003878593444824, 2.299973726272583, 2.299556255340576, 2.299124240875244, 2.2986900806427]}