{"accuracy": [0.24043749272823334, 0.399337500333786, 0.4394499957561493, 0.5042250156402588, 0.5293499827384949, 0.5493624806404114, 0.5793125033378601, 0.5998374819755554, 0.6264874935150146, 0.6625624895095825], "loss": [0.10000242292881012, 0.10000242292881012, 0.10000242292881012, 0.10000242292881012, 0.10000242292881012, 0.10000242292881012, 0.10000242292881012, 0.10000242292881012, 0.10000242292881012, 0.10000242292881012], "val_accuracy": [0.38940000534057617, 0.38005000352859497, 0.5252000093460083, 0.5424500107765198, 0.5785999894142151, 0.5730999708175659, 0.6007000207901001, 0.6215000152587891, 0.5448499917984009, 0.7222499847412109], "val_loss": [1.7017332315444946, 1.6745089292526245, 1.2083516120910645, 1.1646976470947266, 1.089147925376892, 1.1378942728042603, 1.0817699432373047, 1.0396831035614014, 1.2382270097732544, 0.7377117276191711]}