{"accuracy": [0.23378750681877136, 0.2789500057697296, 0.2988249957561493, 0.4422625005245209, 0.46463748812675476, 0.4878374934196472, 0.4870375096797943, 0.5382999777793884, 0.29938751459121704, 0.5482624769210815], "loss": [0.10000242292881012, 0.10000242292881012, 0.10000242292881012, 0.10000242292881012, 0.10000242292881012, 0.10000242292881012, 0.10000242292881012, 0.10000242292881012, 0.10000242292881012, 0.10000242292881012], "val_accuracy": [0.32565000653266907, 0.23180000483989716, 0.35644999146461487, 0.49219998717308044, 0.40619999170303345, 0.5004000067710876, 0.5315499901771545, 0.37345001101493835, 0.3241499960422516, 0.6690000295639038], "val_loss": [1.7893019914627075, 1.9936847686767578, 1.6475661993026733, 1.2624768018722534, 1.5097873210906982, 1.2424870729446411, 1.1468545198440552, 1.6353453397750854, 1.7884334325790405, 0.8308108448982239]}