{"accuracy": [0.7958000302314758, 0.9999875426292419, 1.0, 1.0, 1.0, 1.0, 1.0, 1.0, 1.0, 1.0], "loss": [0.10000243037939072, 0.10000243037939072, 0.10000243037939072, 0.10000243037939072, 0.10000243037939072, 0.10000243037939072, 0.10000243037939072, 0.10000243037939072, 0.10000243037939072, 0.10000243037939072], "val_accuracy": [1.0, 1.0, 1.0, 1.0, 1.0, 1.0, 1.0, 1.0, 1.0, 1.0], "val_loss": [0.1747763305902481, 0.004211406223475933, 0.0002975988609250635, 0.00011526884918566793, 3.4178396163042635e-05, 2.3218963178806007e-05, 1.6399721062043682e-05, 1.2348667041806038e-05, 1.005610465654172e-05, 8.436879397777375e-06]}