{"accuracy": [0.8096750378608704, 0.9999875426292419, 1.0, 1.0, 1.0, 0.9999750256538391, 1.0, 1.0, 1.0, 1.0], "loss": [0.10000243037939072, 0.10000243037939072, 0.10000243037939072, 0.10000243037939072, 0.10000243037939072, 0.10000243037939072, 0.10000243037939072, 0.10000243037939072, 0.10000243037939072, 0.10000243037939072], "val_accuracy": [0.9998999834060669, 1.0, 1.0, 1.0, 1.0, 1.0, 1.0, 1.0, 1.0, 1.0], "val_loss": [0.12684574723243713, 0.014997969381511211, 0.002988538471981883, 0.0007186710136011243, 0.0001989078737096861, 8.457511285087094e-05, 3.932995969080366e-05, 2.4684841264388524e-05, 1.4084468602959532e-05, 9.342143130197655e-06]}