{"accuracy": [0.12540000677108765, 0.2238125056028366, 0.2799125015735626, 0.31517502665519714, 0.3100000023841858, 0.3082375228404999, 0.32653751969337463, 0.42823752760887146, 0.49777501821517944, 0.5844500064849854], "loss": [0.10000243037939072, 0.10000243037939072, 0.10000243037939072, 0.10000243037939072, 0.10000243037939072, 0.10000243037939072, 0.10000243037939072, 0.10000243037939072, 0.10000243037939072, 0.10000243037939072], "val_accuracy": [0.21414999663829803, 0.20319999754428864, 0.3587000072002411, 0.3001500070095062, 0.3001500070095062, 0.3009999990463257, 0.36469998955726624, 0.453249990940094, 0.579200029373169, 0.7042999863624573], "val_loss": [2.2678608894348145, 2.2382237911224365, 2.2042479515075684, 2.159234046936035, 2.0975732803344727, 2.0144245624542236, 1.9104994535446167, 1.7942264080047607, 1.675705909729004, 1.561044692993164]}