{"accuracy": [0.998537540435791, 1.0, 1.0, 1.0, 1.0, 1.0, 1.0, 1.0, 1.0, 1.0], "loss": [0.10000243037939072, 0.10000243037939072, 0.10000243037939072, 0.10000243037939072, 0.10000243037939072, 0.10000243037939072, 0.10000243037939072, 0.10000243037939072, 0.10000243037939072, 0.10000243037939072], "val_accuracy": [1.0, 1.0, 1.0, 1.0, 1.0, 1.0, 1.0, 1.0, 1.0, 1.0], "val_loss": [8.0741375541038e-07, 4.5229700162963127e-07, 3.1319208915192576e-07, 2.4046866542448697e-07, 1.953182504621509e-07, 1.645325227173089e-07, 1.429199301128392e-07, 1.2649886116378184e-07, 1.1336200600453594e-07, 1.0264510308388708e-07]}