{"accuracy": [0.999000072479248, 1.0, 1.0, 1.0, 1.0, 1.0, 1.0, 1.0, 1.0, 1.0], "loss": [0.10000243037939072, 0.10000243037939072, 0.10000243037939072, 0.10000243037939072, 0.10000243037939072, 0.10000243037939072, 0.10000243037939072, 0.10000243037939072, 0.10000243037939072, 0.10000243037939072], "val_accuracy": [1.0, 1.0, 1.0, 1.0, 1.0, 1.0, 1.0, 1.0, 1.0, 1.0], "val_loss": [3.0491198685922427e-06, 6.537068202305818e-07, 1.6956919068888965e-07, 4.9340719954216183e-08, 1.577734742852499e-08, 4.625320126905308e-09, 1.358985812771607e-09, 2.0861623539758511e-10, 7.15255701888573e-11, 2.384185730786026e-11]}