{"accuracy": [0.9863500595092773, 1.0, 1.0, 1.0, 1.0, 1.0, 1.0, 1.0, 1.0, 1.0], "loss": [0.10000243037939072, 0.10000243037939072, 0.10000243037939072, 0.10000243037939072, 0.10000243037939072, 0.10000243037939072, 0.10000243037939072, 0.10000243037939072, 0.10000243037939072, 0.10000243037939072], "val_accuracy": [1.0, 1.0, 1.0, 1.0, 1.0, 1.0, 1.0, 1.0, 1.0, 1.0], "val_loss": [0.00874647218734026, 0.004071060102432966, 0.0025974533054977655, 0.0018860774580389261, 0.001472389092668891, 0.0012002778239548206, 0.001010781736113131, 0.0008694774587638676, 0.0007618821691721678, 0.0006778454408049583]}