{"accuracy": [0.9987625479698181, 1.0, 1.0, 1.0, 1.0, 1.0, 1.0, 1.0, 1.0, 1.0], "loss": [0.10000243037939072, 0.10000243037939072, 0.10000243037939072, 0.10000243037939072, 0.10000243037939072, 0.10000243037939072, 0.10000243037939072, 0.10000243037939072, 0.10000243037939072, 0.10000243037939072], "val_accuracy": [1.0, 1.0, 1.0, 1.0, 1.0, 1.0, 1.0, 1.0, 1.0, 1.0], "val_loss": [7.171474294409563e-07, 4.0560223624197533e-07, 2.8283525921324326e-07, 2.175505500190411e-07, 1.7683477437913098e-07, 1.491008276843786e-07, 1.295147740165703e-07, 1.1419044909644072e-07, 1.0250199267147764e-07, 9.307256476631665e-08]}