{"accuracy": [0.9864875674247742, 1.0, 1.0, 1.0, 1.0, 1.0, 1.0, 1.0, 1.0, 1.0], "loss": [0.10000243037939072, 0.10000243037939072, 0.10000243037939072, 0.10000243037939072, 0.10000243037939072, 0.10000243037939072, 0.10000243037939072, 0.10000243037939072, 0.10000243037939072, 0.10000243037939072], "val_accuracy": [1.0, 1.0, 1.0, 1.0, 1.0, 1.0, 1.0, 1.0, 1.0, 1.0], "val_loss": [0.009001548402011395, 0.004150675609707832, 0.0026302002370357513, 0.0019037332385778427, 0.0014819542411714792, 0.0012062686728313565, 0.0010146404383704066, 0.0008717624587006867, 0.0007653923239558935, 0.000679273100104183]}