{"accuracy": [0.9990625381469727, 1.0, 1.0, 1.0, 1.0, 1.0, 1.0, 1.0, 1.0, 1.0], "loss": [0.10000243037939072, 0.10000243037939072, 0.10000243037939072, 0.10000243037939072, 0.10000243037939072, 0.10000243037939072, 0.10000243037939072, 0.10000243037939072, 0.10000243037939072, 0.10000243037939072], "val_accuracy": [1.0, 1.0, 1.0, 1.0, 1.0, 1.0, 1.0, 1.0, 1.0, 1.0], "val_loss": [2.658029188751243e-06, 5.674115755027742e-07, 1.4562006356300117e-07, 4.172324707951702e-08, 1.2522934689229714e-08, 3.1054017135545564e-09, 6.735323965223472e-10, 2.14576703627678e-10, 5.960464066756543e-11, 2.384185730786026e-11]}