{"accuracy": [0.21568751335144043, 0.6466625332832336, 0.8763125538825989, 0.9000000357627869, 0.9000125527381897, 0.9399125576019287, 0.999500036239624, 1.0, 1.0, 1.0], "loss": [0.10000243037939072, 0.10000243037939072, 0.10000243037939072, 0.10000243037939072, 0.10000243037939072, 0.10000243037939072, 0.10000243037939072, 0.10000243037939072, 0.10000243037939072, 0.10000243037939072], "val_accuracy": [0.5733500123023987, 0.7912999987602234, 0.8999999761581421, 0.8999999761581421, 0.8999999761581421, 0.9969000220298767, 1.0, 1.0, 1.0, 1.0], "val_loss": [2.07755970954895, 1.8330363035202026, 1.551016092300415, 1.2284519672393799, 0.9074525237083435, 0.6511811017990112, 0.47912007570266724, 0.3702899217605591, 0.29909488558769226, 0.24993139505386353]}