{"accuracy": [0.9865000247955322, 1.0, 1.0, 1.0, 1.0, 1.0, 1.0, 1.0, 1.0, 1.0], "loss": [0.10000243037939072, 0.10000243037939072, 0.10000243037939072, 0.10000243037939072, 0.10000243037939072, 0.10000243037939072, 0.10000243037939072, 0.10000243037939072, 0.10000243037939072, 0.10000243037939072], "val_accuracy": [1.0, 1.0, 1.0, 1.0, 1.0, 1.0, 1.0, 1.0, 1.0, 1.0], "val_loss": [0.0001288586063310504, 5.258643068373203e-05, 3.2640549761708826e-05, 2.354966454731766e-05, 1.836495903262403e-05, 1.5030670510896016e-05, 1.267575589736225e-05, 1.0951152034976985e-05, 9.643893463362474e-06, 8.59665760799544e-06]}