{"accuracy": [0.9825125336647034, 1.0, 1.0, 1.0, 1.0, 1.0, 1.0, 1.0, 1.0, 1.0], "loss": [0.10000243037939072, 0.10000243037939072, 0.10000243037939072, 0.10000243037939072, 0.10000243037939072, 0.10000243037939072, 0.10000243037939072, 0.10000243037939072, 0.10000243037939072, 0.10000243037939072], "val_accuracy": [1.0, 1.0, 1.0, 1.0, 1.0, 1.0, 1.0, 1.0, 1.0, 1.0], "val_loss": [0.004388157743960619, 0.0006119604222476482, 0.00013155961642041802, 3.164187728543766e-05, 7.924980309326202e-06, 2.086039557980257e-06, 6.053624588275852e-07, 2.0949838130945864e-07, 8.429883990856979e-08, 3.576278473360617e-08]}