{"accuracy": [0.9844500422477722, 1.0, 1.0, 1.0, 1.0, 1.0, 1.0, 1.0, 1.0, 1.0], "loss": [0.10000243037939072, 0.10000243037939072, 0.10000243037939072, 0.10000243037939072, 0.10000243037939072, 0.10000243037939072, 0.10000243037939072, 0.10000243037939072, 0.10000243037939072, 0.10000243037939072], "val_accuracy": [1.0, 1.0, 1.0, 1.0, 1.0, 1.0, 1.0, 1.0, 1.0, 1.0], "val_loss": [0.000188187143066898, 3.0758295906707644e-05, 6.7097312239638995e-06, 1.628766767680645e-06, 4.180365635875205e-07, 1.205264652526239e-07, 4.057286062675303e-08, 1.504420943376772e-08, 5.817412773723163e-09, 2.479552785317196e-09]}