{"accuracy": [0.30713751912117004, 0.6222625374794006, 0.9583375453948975, 0.9999875426292419, 1.0, 1.0, 1.0, 1.0, 1.0, 1.0], "loss": [0.10000243037939072, 0.10000243037939072, 0.10000243037939072, 0.10000243037939072, 0.10000243037939072, 0.10000243037939072, 0.10000243037939072, 0.10000243037939072, 0.10000243037939072, 0.10000243037939072], "val_accuracy": [0.5009499788284302, 0.8144500255584717, 0.9998000264167786, 1.0, 1.0, 1.0, 1.0, 1.0, 1.0, 1.0], "val_loss": [1.6951357126235962, 0.8495270609855652, 0.39527806639671326, 0.19373668730258942, 0.10518881678581238, 0.06466410309076309, 0.043898120522499084, 0.03204137086868286, 0.024690475314855576, 0.019786041229963303]}