{"accuracy": [0.9874750375747681, 1.0, 1.0, 1.0, 1.0, 1.0, 1.0, 1.0, 1.0, 1.0], "loss": [0.10000243037939072, 0.10000243037939072, 0.10000243037939072, 0.10000243037939072, 0.10000243037939072, 0.10000243037939072, 0.10000243037939072, 0.10000243037939072, 0.10000243037939072, 0.10000243037939072], "val_accuracy": [1.0, 1.0, 1.0, 1.0, 1.0, 1.0, 1.0, 1.0, 1.0, 1.0], "val_loss": [9.231798685505055e-06, 4.5558472265838645e-06, 2.9923819511168404e-06, 2.204671545769088e-06, 1.7415726460967562e-06, 1.4434510831051739e-06, 1.2235773283464368e-06, 1.0643627774697961e-06, 9.415121553502104e-07, 8.443273600278189e-07]}