{"accuracy": [0.1938750147819519, 0.3396250307559967, 0.3987500071525574, 0.41600000858306885, 0.4633750319480896, 0.48375001549720764, 0.5372500419616699, 0.5635000467300415, 0.5875000357627869, 0.5915000438690186], "loss": [0.10000023990869522, 0.10000023990869522, 0.10000023990869522, 0.10000023990869522, 0.10000023990869522, 0.10000023990869522, 0.10000023990869522, 0.10000023990869522, 0.10000023990869522, 0.10000023990869522], "val_accuracy": [0.33550000190734863, 0.34950000047683716, 0.39750000834465027, 0.5, 0.47450000047683716, 0.597000002861023, 0.5705000162124634, 0.578499972820282, 0.5364999771118164, 0.5789999961853027], "val_loss": [2.23130202293396, 2.136944055557251, 2.0083346366882324, 1.8693722486495972, 1.7308355569839478, 1.6076167821884155, 1.490396499633789, 1.3916386365890503, 1.3066565990447998, 1.2290849685668945]}