{"accuracy": [0.10000000149011612, 0.10000000149011612, 0.10000000149011612, 0.10000000149011612, 0.10000000149011612, 0.10000000149011612, 0.10000000149011612, 0.10000000149011612, 0.1002500057220459, 0.10075000673532486], "loss": [0.10000023990869522, 0.10000023990869522, 0.10000023990869522, 0.10000023990869522, 0.10000023990869522, 0.10000023990869522, 0.10000023990869522, 0.10000023990869522, 0.10000023990869522, 0.10000023990869522], "val_accuracy": [0.10000000149011612, 0.10000000149011612, 0.10000000149011612, 0.10000000149011612, 0.10000000149011612, 0.10000000149011612, 0.10000000149011612, 0.10000000149011612, 0.10000000149011612, 0.10249999910593033], "val_loss": [2.312239170074463, 2.3107199668884277, 2.3094322681427, 2.30820631980896, 2.3070151805877686, 2.3058977127075195, 2.3048291206359863, 2.303799629211426, 2.302816152572632, 2.3018157482147217]}