{"accuracy": [0.1915000081062317, 0.32075002789497375, 0.37937501072883606, 0.4312500059604645, 0.43825003504753113, 0.4792500138282776, 0.5480000376701355, 0.5738750100135803, 0.5897500514984131, 0.5861250162124634], "loss": [0.10000023990869522, 0.10000023990869522, 0.10000023990869522, 0.10000023990869522, 0.10000023990869522, 0.10000023990869522, 0.10000023990869522, 0.10000023990869522, 0.10000023990869522, 0.10000023990869522], "val_accuracy": [0.32600000500679016, 0.41100001335144043, 0.4000000059604645, 0.3725000023841858, 0.45350000262260437, 0.5630000233650208, 0.5080000162124634, 0.6004999876022339, 0.5740000009536743, 0.6000000238418579], "val_loss": [2.2513911724090576, 2.1729135513305664, 2.0403873920440674, 1.8624144792556763, 1.6806215047836304, 1.5262393951416016, 1.3962211608886719, 1.2886078357696533, 1.2054871320724487, 1.1254887580871582]}