{"accuracy": [0.08174999803304672, 0.08049999922513962, 0.08250000327825546, 0.08100000023841858, 0.08174999803304672, 0.08399999886751175, 0.08124999701976776, 0.08250000327825546, 0.0833749994635582, 0.08474999666213989], "loss": [0.10000023990869522, 0.10000023990869522, 0.10000023990869522, 0.10000023990869522, 0.10000023990869522, 0.10000023990869522, 0.10000023990869522, 0.10000023990869522, 0.10000023990869522, 0.10000023990869522], "val_accuracy": [0.08649999648332596, 0.08900000154972076, 0.09000000357627869, 0.08950000256299973, 0.09099999815225601, 0.09099999815225601, 0.09099999815225601, 0.09000000357627869, 0.0885000005364418, 0.09099999815225601], "val_loss": [2.306288480758667, 2.3062119483947754, 2.3061394691467285, 2.3060641288757324, 2.3059911727905273, 2.305919885635376, 2.3058483600616455, 2.3057773113250732, 2.305708646774292, 2.3056390285491943]}