{"accuracy": [0.16374999284744263, 0.19312499463558197, 0.19325000047683716, 0.20662499964237213, 0.226624995470047, 0.23937499523162842, 0.2447499930858612, 0.257750004529953, 0.27175000309944153, 0.296750009059906], "loss": [0.10000023990869522, 0.10000023990869522, 0.10000023990869522, 0.10000023990869522, 0.10000023990869522, 0.10000023990869522, 0.10000023990869522, 0.10000023990869522, 0.10000023990869522, 0.10000023990869522], "val_accuracy": [0.19699999690055847, 0.19249999523162842, 0.18850000202655792, 0.21699999272823334, 0.23199999332427979, 0.22349999845027924, 0.28349998593330383, 0.25, 0.27149999141693115, 0.29100000858306885], "val_loss": [2.0859909057617188, 2.113834857940674, 2.1244208812713623, 1.983367681503296, 1.9578574895858765, 1.9532016515731812, 1.8794775009155273, 1.9101322889328003, 1.887797474861145, 1.8529102802276611]}