{"accuracy": [0.15625, 0.19612500071525574, 0.20125000178813934, 0.2226250022649765, 0.234375, 0.2462500035762787, 0.28437501192092896, 0.2866249978542328, 0.2199999988079071, 0.19900000095367432], "loss": [0.10000023990869522, 0.10000023990869522, 0.10000023990869522, 0.10000023990869522, 0.10000023990869522, 0.10000023990869522, 0.10000023990869522, 0.10000023990869522, 0.10000023990869522, 0.10000023990869522], "val_accuracy": [0.1914999932050705, 0.20649999380111694, 0.22599999606609344, 0.2280000001192093, 0.2304999977350235, 0.2549999952316284, 0.32100000977516174, 0.3190000057220459, 0.18850000202655792, 0.22200000286102295], "val_loss": [2.1054821014404297, 2.0686259269714355, 2.0261895656585693, 1.993249535560608, 1.9708776473999023, 1.9626822471618652, 1.8518754243850708, 1.8246291875839233, 2.2374119758605957, 2.045510768890381]}