{"accuracy": [0.2251250147819519, 0.3865000307559967, 0.5681250095367432, 0.7676250338554382, 0.8831250667572021, 0.9615000486373901, 0.9765000343322754, 0.9901250600814819, 0.9948750734329224, 0.9972500205039978], "loss": [0.10000023990869522, 0.10000023990869522, 0.10000023990869522, 0.10000023990869522, 0.10000023990869522, 0.10000023990869522, 0.10000023990869522, 0.10000023990869522, 0.10000023990869522, 0.10000023990869522], "val_accuracy": [0.3675000071525574, 0.48500001430511475, 0.6995000243186951, 0.8995000123977661, 0.9154999852180481, 0.9605000019073486, 0.9959999918937683, 0.9944999814033508, 0.9959999918937683, 0.9994999766349792], "val_loss": [2.142549753189087, 1.7567600011825562, 1.3945939540863037, 1.1101694107055664, 0.893860399723053, 0.7077943086624146, 0.5518539547920227, 0.42928510904312134, 0.3354105055332184, 0.2532736361026764]}