{"accuracy": [0.10000000149011612, 0.10000000149011612, 0.10000000149011612, 0.10000000149011612, 0.10000000149011612, 0.10000000149011612, 0.10000000149011612, 0.10300000756978989, 0.17775000631809235, 0.25], "loss": [0.10000023990869522, 0.10000023990869522, 0.10000023990869522, 0.10000023990869522, 0.10000023990869522, 0.10000023990869522, 0.10000023990869522, 0.10000023990869522, 0.10000023990869522, 0.10000023990869522], "val_accuracy": [0.10000000149011612, 0.10000000149011612, 0.10000000149011612, 0.10000000149011612, 0.10000000149011612, 0.10000000149011612, 0.10000000149011612, 0.11550000309944153, 0.22200000286102295, 0.28600001335144043], "val_loss": [2.3138155937194824, 2.309086322784424, 2.305344581604004, 2.301978349685669, 2.299048662185669, 2.2963292598724365, 2.293935775756836, 2.291604995727539, 2.289428234100342, 2.287320137023926]}