{"accuracy": [0.1720000058412552, 0.3407500088214874, 0.6108750104904175, 0.8242500424385071, 0.9515000581741333, 0.9878750443458557, 0.9973750710487366, 0.999125063419342, 0.9985000491142273, 1.0], "loss": [0.10000023990869522, 0.10000023990869522, 0.10000023990869522, 0.10000023990869522, 0.10000023990869522, 0.10000023990869522, 0.10000023990869522, 0.10000023990869522, 0.10000023990869522, 0.10000023990869522], "val_accuracy": [0.35199999809265137, 0.5325000286102295, 0.6620000004768372, 0.8989999890327454, 0.996999979019165, 0.9990000128746033, 1.0, 1.0, 0.9994999766349792, 1.0], "val_loss": [2.163768768310547, 1.7523362636566162, 1.2635382413864136, 0.9151325225830078, 0.6494086980819702, 0.46910718083381653, 0.3431437909603119, 0.2597114145755768, 0.1989913284778595, 0.15080177783966064]}