{"accuracy": [0.9877500534057617, 1.0, 1.0, 1.0, 1.0, 1.0, 1.0, 1.0, 1.0, 1.0], "loss": [0.10000023990869522, 0.10000023990869522, 0.10000023990869522, 0.10000023990869522, 0.10000023990869522, 0.10000023990869522, 0.10000023990869522, 0.10000023990869522, 0.10000023990869522, 0.10000023990869522], "val_accuracy": [1.0, 1.0, 1.0, 1.0, 1.0, 1.0, 1.0, 1.0, 1.0, 1.0], "val_loss": [1.1134578016935848e-05, 4.65719131170772e-06, 2.9510251806641463e-06, 2.218741428805515e-06, 1.8694668142416049e-06, 1.683802679508517e-06, 1.5199547078736941e-06, 1.3910331517763552e-06, 1.2792179404641502e-06, 1.1932097550015897e-06]}