{"accuracy": [0.9897500276565552, 1.0, 1.0, 1.0, 1.0, 1.0, 1.0, 1.0, 1.0, 1.0], "loss": [0.10000023990869522, 0.10000023990869522, 0.10000023990869522, 0.10000023990869522, 0.10000023990869522, 0.10000023990869522, 0.10000023990869522, 0.10000023990869522, 0.10000023990869522, 0.10000023990869522], "val_accuracy": [1.0, 1.0, 1.0, 1.0, 1.0, 1.0, 1.0, 1.0, 1.0, 1.0], "val_loss": [3.8170444895513356e-05, 1.9783554307650775e-05, 1.2133017662563361e-05, 8.67924427438993e-06, 7.110025308065815e-06, 5.775041699962458e-06, 4.7926296247169375e-06, 4.018873823952163e-06, 3.3705202895362163e-06, 2.8850538456026698e-06]}