{"accuracy": [0.8755000233650208, 1.0, 1.0, 1.0, 1.0, 1.0, 1.0, 1.0, 1.0, 1.0], "loss": [0.10000023990869522, 0.10000023990869522, 0.10000023990869522, 0.10000023990869522, 0.10000023990869522, 0.10000023990869522, 0.10000023990869522, 0.10000023990869522, 0.10000023990869522, 0.10000023990869522], "val_accuracy": [1.0, 1.0, 1.0, 1.0, 1.0, 1.0, 1.0, 1.0, 1.0, 1.0], "val_loss": [0.15860530734062195, 0.05556720867753029, 0.03399951010942459, 0.024960502982139587, 0.019591953605413437, 0.016129687428474426, 0.013706167228519917, 0.011916197836399078, 0.010499746538698673, 0.009375158697366714]}