{"accuracy": [0.9930000305175781, 1.0, 1.0, 1.0, 1.0, 1.0, 1.0, 1.0, 1.0, 1.0], "loss": [0.10000023990869522, 0.10000023990869522, 0.10000023990869522, 0.10000023990869522, 0.10000023990869522, 0.10000023990869522, 0.10000023990869522, 0.10000023990869522, 0.10000023990869522, 0.10000023990869522], "val_accuracy": [1.0, 1.0, 1.0, 1.0, 1.0, 1.0, 1.0, 1.0, 1.0, 1.0], "val_loss": [2.480284274497535e-05, 1.4609226127504371e-05, 9.40040536079323e-06, 6.773066161258612e-06, 5.47231184100383e-06, 4.510354301601183e-06, 3.7843310565222055e-06, 3.167986506014131e-06, 2.655524212968885e-06, 2.262202315250761e-06]}