{"accuracy": [0.9857500195503235, 1.0, 1.0, 1.0, 1.0, 1.0, 1.0, 1.0, 1.0, 1.0], "loss": [0.10000023990869522, 0.10000023990869522, 0.10000023990869522, 0.10000023990869522, 0.10000023990869522, 0.10000023990869522, 0.10000023990869522, 0.10000023990869522, 0.10000023990869522, 0.10000023990869522], "val_accuracy": [1.0, 1.0, 1.0, 1.0, 1.0, 1.0, 1.0, 1.0, 1.0, 1.0], "val_loss": [1.1519516192493029e-05, 4.96422080686898e-06, 3.1380436666950118e-06, 2.2712533791491296e-06, 1.944387122421176e-06, 1.74864999280544e-06, 1.6007744534363155e-06, 1.4599328324038652e-06, 1.3417405853033415e-06, 1.2437528766895412e-06]}