{"accuracy": [0.8528750538825989, 1.0, 1.0, 1.0, 1.0, 1.0, 1.0, 1.0, 1.0, 1.0], "loss": [0.10000023990869522, 0.10000023990869522, 0.10000023990869522, 0.10000023990869522, 0.10000023990869522, 0.10000023990869522, 0.10000023990869522, 0.10000023990869522, 0.10000023990869522, 0.10000023990869522], "val_accuracy": [1.0, 1.0, 1.0, 1.0, 1.0, 1.0, 1.0, 1.0, 1.0, 1.0], "val_loss": [0.17160840332508087, 0.05875679850578308, 0.03633229061961174, 0.026558449491858482, 0.020974282175302505, 0.017263952642679214, 0.01472119428217411, 0.012778579257428646, 0.011229535564780235, 0.010048208758234978]}