{"accuracy": [0.8531250357627869, 1.0, 1.0, 1.0, 1.0, 1.0, 1.0, 1.0, 1.0, 1.0], "loss": [0.10000023990869522, 0.10000023990869522, 0.10000023990869522, 0.10000023990869522, 0.10000023990869522, 0.10000023990869522, 0.10000023990869522, 0.10000023990869522, 0.10000023990869522, 0.10000023990869522], "val_accuracy": [1.0, 1.0, 1.0, 1.0, 1.0, 1.0, 1.0, 1.0, 1.0, 1.0], "val_loss": [0.391385555267334, 0.11948122829198837, 0.06253830343484879, 0.035206977277994156, 0.02194307930767536, 0.014783629216253757, 0.01025128923356533, 0.007424632553011179, 0.005586392246186733, 0.0042868731543421745]}