{"accuracy": [0.10000000149011612, 0.10012500733137131, 0.19362500309944153, 0.2993750274181366, 0.30000001192092896, 0.32375001907348633, 0.4116250276565552, 0.4946250319480896, 0.6602500081062317, 0.7880000472068787], "loss": [0.10000023990869522, 0.10000023990869522, 0.10000023990869522, 0.10000023990869522, 0.10000023990869522, 0.10000023990869522, 0.10000023990869522, 0.10000023990869522, 0.10000023990869522, 0.10000023990869522], "val_accuracy": [0.10000000149011612, 0.10000000149011612, 0.296999990940094, 0.30000001192092896, 0.30000001192092896, 0.38100001215934753, 0.4569999873638153, 0.5400000214576721, 0.762499988079071, 0.800000011920929], "val_loss": [2.271545171737671, 2.2444040775299072, 2.2183427810668945, 2.1920628547668457, 2.1656389236450195, 2.1391074657440186, 2.11249041557312, 2.0858137607574463, 2.0592665672302246, 2.0325119495391846]}