{"accuracy": [0.893375039100647, 1.0, 1.0, 1.0, 1.0, 1.0, 1.0, 1.0, 1.0, 1.0], "loss": [0.10000023990869522, 0.10000023990869522, 0.10000023990869522, 0.10000023990869522, 0.10000023990869522, 0.10000023990869522, 0.10000023990869522, 0.10000023990869522, 0.10000023990869522, 0.10000023990869522], "val_accuracy": [1.0, 1.0, 1.0, 1.0, 1.0, 1.0, 1.0, 1.0, 1.0, 1.0], "val_loss": [0.27101126313209534, 0.02197020873427391, 0.0025167239364236593, 0.0007323362515307963, 0.00039063015719875693, 0.00026199102285318077, 0.00020169088384136558, 0.0001634210057090968, 0.00013752056111115962, 0.00011862301471410319]}