{"accuracy": [0.8105000257492065, 1.0, 1.0, 1.0, 1.0, 1.0, 1.0, 1.0, 1.0, 1.0], "loss": [0.10000023990869522, 0.10000023990869522, 0.10000023990869522, 0.10000023990869522, 0.10000023990869522, 0.10000023990869522, 0.10000023990869522, 0.10000023990869522, 0.10000023990869522, 0.10000023990869522], "val_accuracy": [1.0, 1.0, 1.0, 1.0, 1.0, 1.0, 1.0, 1.0, 1.0, 1.0], "val_loss": [0.02644762396812439, 0.004198787268251181, 0.0017786822281777859, 0.0010637548984959722, 0.000717896269634366, 0.0005171019583940506, 0.00038701193989254534, 0.00029794583679176867, 0.00023288550437428057, 0.000185557670192793]}