{"accuracy": [0.9037500619888306, 1.0, 1.0, 1.0, 1.0, 1.0, 1.0, 1.0, 1.0, 1.0], "loss": [0.10000023990869522, 0.10000023990869522, 0.10000023990869522, 0.10000023990869522, 0.10000023990869522, 0.10000023990869522, 0.10000023990869522, 0.10000023990869522, 0.10000023990869522, 0.10000023990869522], "val_accuracy": [1.0, 1.0, 1.0, 1.0, 1.0, 1.0, 1.0, 1.0, 1.0, 1.0], "val_loss": [0.006003804504871368, 0.00010067002585856244, 3.8374666473828256e-05, 2.33007303904742e-05, 1.785719177860301e-05, 1.4761361853743438e-05, 1.2704471373581327e-05, 1.1073622772528324e-05, 9.771491932042409e-06, 8.747895662963856e-06]}