{"accuracy": [0.10000000149011612, 0.10225000232458115, 0.17250001430511475, 0.3760000169277191, 0.40300002694129944, 0.43312501907348633, 0.483875036239624, 0.4986250102519989, 0.499875009059906, 0.5], "loss": [0.10000023990869522, 0.10000023990869522, 0.10000023990869522, 0.10000023990869522, 0.10000023990869522, 0.10000023990869522, 0.10000023990869522, 0.10000023990869522, 0.10000023990869522, 0.10000023990869522], "val_accuracy": [0.09950000047683716, 0.11249999701976776, 0.28450000286102295, 0.40049999952316284, 0.41100001335144043, 0.4595000147819519, 0.4945000112056732, 0.5, 0.5, 0.5005000233650208], "val_loss": [2.3051676750183105, 2.253154993057251, 2.20711612701416, 2.1592843532562256, 2.107288360595703, 2.0506632328033447, 1.9892162084579468, 1.9248559474945068, 1.8577802181243896, 1.7863250970840454]}