{"accuracy": [0.22587500512599945, 0.28325000405311584, 0.2632500231266022, 0.37312501668930054, 0.453000009059906, 0.5146250128746033, 0.550000011920929, 0.5563750267028809, 0.5890000462532043, 0.5841250419616699], "loss": [0.10000023990869522, 0.10000023990869522, 0.10000023990869522, 0.10000023990869522, 0.10000023990869522, 0.10000023990869522, 0.10000023990869522, 0.10000023990869522, 0.10000023990869522, 0.10000023990869522], "val_accuracy": [0.32350000739097595, 0.19900000095367432, 0.289000004529953, 0.37400001287460327, 0.4724999964237213, 0.5619999766349792, 0.527999997138977, 0.5920000076293945, 0.5995000004768372, 0.6019999980926514], "val_loss": [2.230550765991211, 2.140190839767456, 2.0002291202545166, 1.830559253692627, 1.6687369346618652, 1.5257112979888916, 1.4104408025741577, 1.3105818033218384, 1.2265346050262451, 1.1529783010482788]}