{"accuracy": [0.21312500536441803, 0.3516250252723694, 0.3308750092983246, 0.4190000295639038, 0.4413750171661377, 0.4750000238418579, 0.5318750143051147, 0.5668750405311584, 0.6002500057220459, 0.5867500305175781], "loss": [0.10000023990869522, 0.10000023990869522, 0.10000023990869522, 0.10000023990869522, 0.10000023990869522, 0.10000023990869522, 0.10000023990869522, 0.10000023990869522, 0.10000023990869522, 0.10000023990869522], "val_accuracy": [0.3005000054836273, 0.20600000023841858, 0.4465000033378601, 0.4000000059604645, 0.4050000011920929, 0.4925000071525574, 0.5979999899864197, 0.5995000004768372, 0.597000002861023, 0.6014999747276306], "val_loss": [2.2300283908843994, 2.129436492919922, 1.9943948984146118, 1.847284197807312, 1.711124300956726, 1.5876095294952393, 1.4800080060958862, 1.3803271055221558, 1.2945458889007568, 1.2179601192474365]}