{"accuracy": [0.148499995470047, 0.19224999845027924, 0.20012499392032623, 0.21299999952316284, 0.2241249978542328, 0.22462500631809235, 0.2409999966621399, 0.2527500092983246, 0.2800000011920929, 0.3321250081062317], "loss": [0.10000023990869522, 0.10000023990869522, 0.10000023990869522, 0.10000023990869522, 0.10000023990869522, 0.10000023990869522, 0.10000023990869522, 0.10000023990869522, 0.10000023990869522, 0.10000023990869522], "val_accuracy": [0.18850000202655792, 0.1979999989271164, 0.21050000190734863, 0.22499999403953552, 0.22450000047683716, 0.2535000145435333, 0.2524999976158142, 0.2574999928474426, 0.2524999976158142, 0.3695000112056732], "val_loss": [2.0662999153137207, 2.0525429248809814, 2.0323169231414795, 1.979369044303894, 2.0015769004821777, 1.9602324962615967, 1.933841586112976, 1.9207342863082886, 1.9207242727279663, 1.6984896659851074]}