{"accuracy": [0.1691250056028366, 0.20000000298023224, 0.20787499845027924, 0.2280000001192093, 0.24637499451637268, 0.29737499356269836, 0.2672500014305115, 0.24937500059604645, 0.3255000114440918, 0.2809999883174896], "loss": [0.10000023990869522, 0.10000023990869522, 0.10000023990869522, 0.10000023990869522, 0.10000023990869522, 0.10000023990869522, 0.10000023990869522, 0.10000023990869522, 0.10000023990869522, 0.10000023990869522], "val_accuracy": [0.21299999952316284, 0.21699999272823334, 0.22550000250339508, 0.24950000643730164, 0.2709999978542328, 0.2280000001192093, 0.3630000054836273, 0.27649998664855957, 0.36250001192092896, 0.226500004529953], "val_loss": [2.050509452819824, 2.027801513671875, 1.9920868873596191, 1.9589358568191528, 1.9132230281829834, 1.9956552982330322, 1.9120451211929321, 1.9719473123550415, 1.782945156097412, 2.0798935890197754]}