{"accuracy": [0.0742499977350235, 0.07362499833106995, 0.07712499797344208, 0.07662499696016312, 0.07750000059604645, 0.07787500321865082, 0.07800000160932541, 0.07925000041723251, 0.08112499862909317, 0.07862500101327896], "loss": [0.10000023990869522, 0.10000023990869522, 0.10000023990869522, 0.10000023990869522, 0.10000023990869522, 0.10000023990869522, 0.10000023990869522, 0.10000023990869522, 0.10000023990869522, 0.10000023990869522], "val_accuracy": [0.07699999958276749, 0.07500000298023224, 0.07900000363588333, 0.07699999958276749, 0.07750000059604645, 0.07649999856948853, 0.08150000125169754, 0.08449999988079071, 0.08299999684095383, 0.08399999886751175], "val_loss": [2.3045661449432373, 2.3044955730438232, 2.304431676864624, 2.3043665885925293, 2.304304599761963, 2.30424165725708, 2.3041772842407227, 2.3041152954101562, 2.3040518760681152, 2.3039867877960205]}