{"accuracy": [0.2422500103712082, 0.3656250238418579, 0.5415000319480896, 0.7427500486373901, 0.8717500567436218, 0.9415000677108765, 0.9751250743865967, 0.9842500686645508, 0.9946250319480896, 0.999000072479248], "loss": [0.10000023990869522, 0.10000023990869522, 0.10000023990869522, 0.10000023990869522, 0.10000023990869522, 0.10000023990869522, 0.10000023990869522, 0.10000023990869522, 0.10000023990869522, 0.10000023990869522], "val_accuracy": [0.429500013589859, 0.3019999861717224, 0.737500011920929, 0.7960000038146973, 0.9984999895095825, 0.9794999957084656, 0.9860000014305115, 0.9984999895095825, 1.0, 0.9994999766349792], "val_loss": [2.120973825454712, 1.756962776184082, 1.4077502489089966, 1.1324905157089233, 0.9027641415596008, 0.7216679453849792, 0.5761825442314148, 0.44877874851226807, 0.35223978757858276, 0.2816143333911896]}