{"accuracy": [0.22312501072883606, 0.36000001430511475, 0.577750027179718, 0.7953750491142273, 0.9430000185966492, 0.9942500591278076, 0.9977500438690186, 0.999000072479248, 0.99937504529953, 0.999250054359436], "loss": [0.10000023990869522, 0.10000023990869522, 0.10000023990869522, 0.10000023990869522, 0.10000023990869522, 0.10000023990869522, 0.10000023990869522, 0.10000023990869522, 0.10000023990869522, 0.10000023990869522], "val_accuracy": [0.2409999966621399, 0.32749998569488525, 0.5954999923706055, 0.9599999785423279, 0.9965000152587891, 0.9760000109672546, 0.9990000128746033, 0.9994999766349792, 0.9990000128746033, 1.0], "val_loss": [2.211754560470581, 1.900188684463501, 1.3729875087738037, 0.9638663530349731, 0.6921522617340088, 0.5028047561645508, 0.3694792091846466, 0.2806360125541687, 0.22458094358444214, 0.17096075415611267]}