{"accuracy": [0.9893750548362732, 1.0, 1.0, 1.0, 1.0, 1.0, 1.0, 1.0, 1.0, 1.0], "loss": [0.10000023990869522, 0.10000023990869522, 0.10000023990869522, 0.10000023990869522, 0.10000023990869522, 0.10000023990869522, 0.10000023990869522, 0.10000023990869522, 0.10000023990869522, 0.10000023990869522], "val_accuracy": [1.0, 1.0, 1.0, 1.0, 1.0, 1.0, 1.0, 1.0, 1.0, 1.0], "val_loss": [1.0380356798123103e-05, 4.26993483415572e-06, 2.701126049942104e-06, 1.9869592051691143e-06, 1.6683167132214294e-06, 1.4851543710392434e-06, 1.3463370578392642e-06, 1.229693225468509e-06, 1.1336118177496246e-06, 1.0506433909540647e-06]}