{"accuracy": [0.8558750152587891, 1.0, 1.0, 1.0, 1.0, 1.0, 1.0, 1.0, 1.0, 1.0], "loss": [0.10000023990869522, 0.10000023990869522, 0.10000023990869522, 0.10000023990869522, 0.10000023990869522, 0.10000023990869522, 0.10000023990869522, 0.10000023990869522, 0.10000023990869522, 0.10000023990869522], "val_accuracy": [1.0, 1.0, 1.0, 1.0, 1.0, 1.0, 1.0, 1.0, 1.0, 1.0], "val_loss": [0.18710382282733917, 0.060878317803144455, 0.036679815500974655, 0.026695385575294495, 0.020802343264222145, 0.017106490209698677, 0.014401115477085114, 0.012437225319445133, 0.010979345999658108, 0.009784329682588577]}