{"accuracy": [0.9918750524520874, 1.0, 1.0, 1.0, 1.0, 1.0, 1.0, 1.0, 1.0, 1.0], "loss": [0.10000023990869522, 0.10000023990869522, 0.10000023990869522, 0.10000023990869522, 0.10000023990869522, 0.10000023990869522, 0.10000023990869522, 0.10000023990869522, 0.10000023990869522, 0.10000023990869522], "val_accuracy": [1.0, 1.0, 1.0, 1.0, 1.0, 1.0, 1.0, 1.0, 1.0, 1.0], "val_loss": [3.274898699601181e-05, 1.7259555534110405e-05, 1.066355162038235e-05, 7.648151949979365e-06, 6.132930138846859e-06, 5.09449500896153e-06, 4.255786279827589e-06, 3.6161325169814518e-06, 3.0826322472421452e-06, 2.5932984044629848e-06]}