{"accuracy": [0.8651250600814819, 1.0, 1.0, 1.0, 1.0, 1.0, 1.0, 1.0, 1.0, 1.0], "loss": [0.10000023990869522, 0.10000023990869522, 0.10000023990869522, 0.10000023990869522, 0.10000023990869522, 0.10000023990869522, 0.10000023990869522, 0.10000023990869522, 0.10000023990869522, 0.10000023990869522], "val_accuracy": [1.0, 1.0, 1.0, 1.0, 1.0, 1.0, 1.0, 1.0, 1.0, 1.0], "val_loss": [0.15438354015350342, 0.053401198238134384, 0.03283432871103287, 0.024058876559138298, 0.019156834110617638, 0.015735281631350517, 0.013424232602119446, 0.011623094789683819, 0.01025231834501028, 0.009169531986117363]}