{"accuracy": [0.9893750548362732, 1.0, 1.0, 1.0, 1.0, 1.0, 1.0, 1.0, 1.0, 1.0], "loss": [0.10000023990869522, 0.10000023990869522, 0.10000023990869522, 0.10000023990869522, 0.10000023990869522, 0.10000023990869522, 0.10000023990869522, 0.10000023990869522, 0.10000023990869522, 0.10000023990869522], "val_accuracy": [1.0, 1.0, 1.0, 1.0, 1.0, 1.0, 1.0, 1.0, 1.0, 1.0], "val_loss": [5.560378122027032e-05, 2.8979564376641065e-05, 1.8023840311798267e-05, 1.2870985301560722e-05, 1.0345849659643136e-05, 8.478507879772224e-06, 7.017373718554154e-06, 5.836121999891475e-06, 4.897500275546918e-06, 4.147816980548669e-06]}