{"accuracy": [0.9907500743865967, 1.0, 1.0, 1.0, 1.0, 1.0, 1.0, 1.0, 1.0, 1.0], "loss": [0.10000023990869522, 0.10000023990869522, 0.10000023990869522, 0.10000023990869522, 0.10000023990869522, 0.10000023990869522, 0.10000023990869522, 0.10000023990869522, 0.10000023990869522, 0.10000023990869522], "val_accuracy": [1.0, 1.0, 1.0, 1.0, 1.0, 1.0, 1.0, 1.0, 1.0, 1.0], "val_loss": [1.0488576663192362e-05, 4.50125753559405e-06, 2.8237743663339643e-06, 2.109789420501329e-06, 1.799612732611422e-06, 1.6095386854431126e-06, 1.4543325050908606e-06, 1.3305366337590385e-06, 1.2246813412275515e-06, 1.1396866739232792e-06]}