{"accuracy": [0.14550000429153442, 0.19987501204013824, 0.28950002789497375, 0.42662501335144043, 0.5286250114440918, 0.5971250534057617, 0.6178750395774841, 0.6823750138282776, 0.6998750567436218, 0.7000000476837158], "loss": [0.10000023990869522, 0.10000023990869522, 0.10000023990869522, 0.10000023990869522, 0.10000023990869522, 0.10000023990869522, 0.10000023990869522, 0.10000023990869522, 0.10000023990869522, 0.10000023990869522], "val_accuracy": [0.19900000095367432, 0.20100000500679016, 0.382999986410141, 0.48350000381469727, 0.590499997138977, 0.6000000238418579, 0.6604999899864197, 0.699999988079071, 0.699999988079071, 0.699999988079071], "val_loss": [2.264932155609131, 2.2382702827453613, 2.2127606868743896, 2.187628746032715, 2.1627092361450195, 2.137759208679199, 2.11271071434021, 2.0875697135925293, 2.0625905990600586, 2.037113666534424]}