{"accuracy": [0.8351250290870667, 1.0, 1.0, 1.0, 1.0, 1.0, 1.0, 1.0, 1.0, 1.0], "loss": [0.10000023990869522, 0.10000023990869522, 0.10000023990869522, 0.10000023990869522, 0.10000023990869522, 0.10000023990869522, 0.10000023990869522, 0.10000023990869522, 0.10000023990869522, 0.10000023990869522], "val_accuracy": [1.0, 1.0, 1.0, 1.0, 1.0, 1.0, 1.0, 1.0, 1.0, 1.0], "val_loss": [0.40604737401008606, 0.12277750670909882, 0.06352324783802032, 0.03652188554406166, 0.022554367780685425, 0.014959193766117096, 0.010462691076099873, 0.007680590730160475, 0.005735564976930618, 0.004431928042322397]}