{"accuracy": [0.9068750143051147, 1.0, 1.0, 1.0, 1.0, 1.0, 1.0, 1.0, 1.0, 1.0], "loss": [0.10000023990869522, 0.10000023990869522, 0.10000023990869522, 0.10000023990869522, 0.10000023990869522, 0.10000023990869522, 0.10000023990869522, 0.10000023990869522, 0.10000023990869522, 0.10000023990869522], "val_accuracy": [1.0, 1.0, 1.0, 1.0, 1.0, 1.0, 1.0, 1.0, 1.0, 1.0], "val_loss": [0.2762579917907715, 0.02232336811721325, 0.0024606790393590927, 0.0007227891474030912, 0.0003800860431510955, 0.0002562507870607078, 0.00019513550796546042, 0.00015906314365565777, 0.0001338967413175851, 0.0001150994939962402]}