{"accuracy": [0.8166250586509705, 1.0, 1.0, 1.0, 1.0, 1.0, 1.0, 1.0, 1.0, 1.0], "loss": [0.10000023990869522, 0.10000023990869522, 0.10000023990869522, 0.10000023990869522, 0.10000023990869522, 0.10000023990869522, 0.10000023990869522, 0.10000023990869522, 0.10000023990869522, 0.10000023990869522], "val_accuracy": [1.0, 1.0, 1.0, 1.0, 1.0, 1.0, 1.0, 1.0, 1.0, 1.0], "val_loss": [0.02985388971865177, 0.0038392036221921444, 0.0015385951846837997, 0.0008869006996974349, 0.0005855566123500466, 0.0004085579130332917, 0.0003022273594979197, 0.00022545627143699676, 0.00017468461010139436, 0.00013752051745541394]}