{"accuracy": [0.10000000149011612, 0.10075000673532486, 0.18112501502037048, 0.2003750056028366, 0.21562500298023224, 0.30125001072883606, 0.39750000834465027, 0.4982500374317169, 0.5690000057220459, 0.5978749990463257], "loss": [0.10000023990869522, 0.10000023990869522, 0.10000023990869522, 0.10000023990869522, 0.10000023990869522, 0.10000023990869522, 0.10000023990869522, 0.10000023990869522, 0.10000023990869522, 0.10000023990869522], "val_accuracy": [0.10000000149011612, 0.10849999636411667, 0.20000000298023224, 0.2004999965429306, 0.23800000548362732, 0.36149999499320984, 0.44200000166893005, 0.5339999794960022, 0.5914999842643738, 0.6000000238418579], "val_loss": [2.2752323150634766, 2.2364559173583984, 2.2003695964813232, 2.161315679550171, 2.117215156555176, 2.0663931369781494, 2.008477210998535, 1.9443897008895874, 1.8753305673599243, 1.8045121431350708]}