{"accuracy": [0.8753750324249268, 1.0, 1.0, 1.0, 1.0, 1.0, 1.0, 1.0, 1.0, 1.0], "loss": [0.10000023990869522, 0.10000023990869522, 0.10000023990869522, 0.10000023990869522, 0.10000023990869522, 0.10000023990869522, 0.10000023990869522, 0.10000023990869522, 0.10000023990869522, 0.10000023990869522], "val_accuracy": [1.0, 1.0, 1.0, 1.0, 1.0, 1.0, 1.0, 1.0, 1.0, 1.0], "val_loss": [0.0064325835555791855, 0.00010746618499979377, 4.001308843726292e-05, 2.4780380044830963e-05, 1.887043435999658e-05, 1.563409750815481e-05, 1.3527062037610449e-05, 1.1801123946497682e-05, 1.0469900189491455e-05, 9.401750503457151e-06]}